placeInfo/name,placeInfo/rating,theme,placeInfo/address,placeInfo/latitude,placeInfo/longitude,placeInfo/webUrl,rating,text,placeInfo/numberOfReviews,lang
Ø§Ù„Ø¯Ø±Ø¹ÙŠØ©,4.5, Tourist attraction,Riyadh Saudi Arabia,24.72125541,46.67108133,,5,district is place where you can have calm and charming dinner.,101,en
Ø§Ù„Ø¯Ø±Ø¹ÙŠØ©,4.5, Tourist attraction,Riyadh Saudi Arabia,24.72125541,46.67108133,,5,district is place where you can have calm and charming dinner.,101,en
Boulevard World,4.6, Theme park,Riyadh Saudi Arabia,24.72125541,46.67108133,,5,"experience, comparable to the world's entertainment areas.",4700,en
Emerald Hall,4.3, Event venue,Dammam Saudi Arabia,26.41187358,50.0904657,,5,"makes it perfect for hosting concerts, recitals, theater performances ...",67,en
Emerald Hall,4.3, Event venue,Dammam Saudi Arabia,26.41187358,50.0904657,,5,"makes it perfect for hosting concerts, recitals, theater performances ...",67,en
Wild Baboons,3.6, Tourist attraction,Riyadh Saudi Arabia,24.72125541,46.67108133,,5,this location im planning to visit this place. thanks in advance,27,en
Wild Baboons,3.6, Tourist attraction,Riyadh Saudi Arabia,24.72125541,46.67108133,,5,this location im planning to visit this place. thanks in advance,27,en
Syrup,4.5, Corporate office,Riyadh Saudi Arabia,24.72125541,46.67108133,,5,A go to place for entertainment in Riyadh,406,en
Last Hour Escape Room,4.9, Escape room center,Riyadh Saudi Arabia,24.72125541,46.67108133,,5,A great place if you're looking to have fun in Riyadh!!,1000,en
Ø¨Ø±Ø¬ Ø§Ù„ÙÙŠØµÙ„ÙŠØ©,4.6, Tourist attraction,Riyadh Saudi Arabia Â· In Tamimi Markets - Olaya,24.72125541,46.67108133,,5,A luxurious place with restaurants and markets,872,en
Ø¨Ø±Ø¬ Ø§Ù„ÙÙŠØµÙ„ÙŠØ©,4.6, Tourist attraction,Riyadh Saudi Arabia Â· In Tamimi Markets - Olaya,24.72125541,46.67108133,,5,A luxurious place with restaurants and markets,872,en
Woosh,4.2, Recreation center,Riyadh Saudi Arabia,24.72125541,46.67108133,,5,A nice place to spend some time with your kids.,2100,en
Lake park Riyadh,4.4, Tourist attraction,Riyadh Saudi Arabia,24.72125541,46.67108133,,5,A place away from the hustle and bustle of city.,703,en
Chuck E Cheese's,4.1, â‚¹â‚¹ ,Riyadh Saudi Arabia,24.72125541,46.67108133,,5,a place where kids can have fun and their parents too!,4300,en
shifa,4.4, Country park,Riyadh Saudi Arabia,24.72125541,46.67108133,,5,A super relaxing place in riyadh,504,en
shifa,4.4, Country park,Riyadh Saudi Arabia,24.72125541,46.67108133,,5,A super relaxing place in riyadh,504,en
Al-Hayer Park Lake,4.5, Park,Riyadh Saudi Arabia,24.72125541,46.67108133,,5,A very nice place for entertainment with family,568,en
Al-Hayer Park Lake,4.5, Park,Riyadh Saudi Arabia,24.72125541,46.67108133,,5,A very nice place for entertainment with family,568,en
Park Zoo in Al-Kharj,3.4, Tourist attraction,Al-Kharj Saudi Arabia,24.15171457,47.32415312,,5,"Al_kharj small Zoo place for children and family entertainment, Lion, ...",1400,en
sparkys,3.8, Amusement park,Riyadh Saudi Arabia Â· In Panorama Mall,24.72125541,46.67108133,,5,All games working and having Operational technical stuff.,646,en
sparkys,3.8, Amusement park,Riyadh Saudi Arabia Â· In Panorama Mall,24.72125541,46.67108133,,5,All games working and having Operational technical stuff.,646,en
Maraya,4.6, Concert hall,Al Atheeb Saudi Arabia,26.71888443,37.91707852,,5,Also the theater is another level of perfection.,1100,en
Firstaiment,4, Paintball center,Riyadh Saudi Arabia,24.72125541,46.67108133,,5,amazing and entertaining,1900,en
Kingdom Centre,4.4, Shopping mall,Riyadh Saudi Arabia,24.72125541,46.67108133,,5,Amazing place center of Riyadh a kingdom Tower located at olaya rd.,2400,en
Ø­Ø¯ÙŠÙ‚Ø© Ø§Ù„ÙÙˆØ·Ø©,3.7, Park,Riyadh Saudi Arabia,24.72125541,46.67108133,,5,Amazing place for entertainment.,6900,en
ALHOKAIR TIME | Ø§Ù„Ø­ÙƒÙŠØ± ØªØ§ÙŠÙ…,3.8, Amusement center,Al Madinah Al Munawwarah Saudi Arabia,24.45821502,39.59823579,,5,Amusement place for all most especially for kids.,3100,en
Ø§Ù„Ø¨ÙˆÙ„ÙŠÙØ§Ø±Ø¯ Ø§Ù„Ø¬Ø¯ÙŠØ¯,4.7, Tourist attraction,Riyadh Saudi Arabia,24.72125541,46.67108133,,5,And very good locations,1500,en
Saffori Land,4, Amusement center,Riyadh Saudi Arabia Â· In Ø£Ø³ÙˆØ§Ù‚ Ø¹Ø¨Ø¯Ø§Ù„Ù„Ù‡ Ø§Ù„Ø¹Ø«ÙŠÙ… |Abdullah Alothaim Markets,24.72125541,46.67108133,,5,Awesome place for children entertainment,1600,en
Xtreme Play Ø§ÙƒØ³ØªØ±ÙŠÙ… Ø¨Ù„Ø§ÙŠ,4.1, Amusement center,Jeddah Saudi Arabia,21.4973944,39.16131511,,5,"Awesome placeâ€¦ look out for Majed AlGhamdi, he is an awesome ...",93,en
Xtreme Play Ø§ÙƒØ³ØªØ±ÙŠÙ… Ø¨Ù„Ø§ÙŠ,4.1, Amusement center,Jeddah Saudi Arabia,21.4973944,39.16131511,,5,"Awesome placeâ€¦ look out for Majed AlGhamdi, he is an awesome ...",93,en
Dhurma,3.8, Garden,Dhurma Saudi Arabia,24.61257291,46.16514556,,5,Beatiful tinny city near Riyadh,142,en
Diriyah,4.4, Tourist attraction,Diriyah Saudi Arabia,24.74969951,46.53795134,,5,Beautiful historical place in a contemporary design for restaurants.,23,en
Naquibs Pond,3.7, Tourist attraction,Riyadh Saudi Arabia,24.72125541,46.67108133,,5,Beautiful place during sunset,26,en
Naquibs Pond,3.7, Tourist attraction,Riyadh Saudi Arabia,24.72125541,46.67108133,,5,Beautiful place during sunset,26,en
Tuwaiq Garden,4.4, Tourist attraction,Riyadh Saudi Arabia,24.72125541,46.67108133,,5,Beautiful place to jog. I enjoyed walking around the place to ...,535,en
Tuwaiq Garden,4.4, Tourist attraction,Riyadh Saudi Arabia,24.72125541,46.67108133,,5,Beautiful place to jog. I enjoyed walking around the place to ...,535,en
Escape The Room - Riyadh,4.7, Escape room center,Riyadh Saudi Arabia,24.72125541,46.67108133,,5,Best entertainment Place for familyâ€™s and friends in Riyadh !!,2000,en
Chuck E Cheese's,4.1, â‚¹â‚¹ ,Riyadh Saudi Arabia,24.72125541,46.67108133,,5,Best kid's and family entertainment place,2400,en
Zero Latency | Ø²ÙŠØ±Ùˆ Ù„ÙŠØªÙ†Ø³ÙŠ,3.9, Amusement center,Riyadh Saudi Arabia,24.72125541,46.67108133,,5,Best place for Virtual Reality entertainment.,761,en
Zero Latency | Ø²ÙŠØ±Ùˆ Ù„ÙŠØªÙ†Ø³ÙŠ,3.9, Amusement center,Riyadh Saudi Arabia,24.72125541,46.67108133,,5,Best place for Virtual Reality entertainment.,761,en
Uplay,3.6, Children's amusement center,Riyadh Saudi Arabia,24.72125541,46.67108133,,5,Best place to take you kids away from TV/iPad,253,en
Uplay,3.6, Children's amusement center,Riyadh Saudi Arabia,24.72125541,46.67108133,,5,Best place to take you kids away from TV/iPad,253,en
Okaz Market Theater,4.3, Performing arts theater,Taif Saudi Arabia Â· In Souq Okaz,21.47436907,40.6450438,,5,Best theater we enjoyed and had fun,834,en
Okaz Market Theater,4.3, Performing arts theater,Taif Saudi Arabia Â· In Souq Okaz,21.47436907,40.6450438,,5,Best theater we enjoyed and had fun,834,en
Muvi Cinemas - Salaam Mall,3.6, Movie theater,Riyadh Saudi Arabia Â· In Cenomi Salam Mall,24.72125541,46.67108133,,5,Big screen with large audience compared to old mall screen Riyadh,130,en
Billy Beez City,3.5, Children's amusement center,Riyadh Saudi Arabia Â· In Al Nakheel Mall,24.72125541,46.67108133,,5,Billy Beez City my favorite place...even me I enjoy and love this place...,609,en
Billy Beez City,3.5, Children's amusement center,Riyadh Saudi Arabia Â· In Al Nakheel Mall,24.72125541,46.67108133,,5,Billy Beez City my favorite place...even me I enjoy and love this place...,609,en
Muvi Cinemas | Ù…ÙˆÚ¤ÙŠ Ø³ÙŠÙ†Ù…Ø§,4.2, Movie theater,Riyadh Saudi Arabia Â· In The View Mall,24.72125541,46.67108133,,3,But small theater,1900,en
VOX Cinemas - Kingdom Centre,4.3, Movie theater,Riyadh Saudi Arabia Â· In Kingdom Centre,24.72125541,46.67108133,,5,"Comfy chairs, and nice place for couples",1400,en
Bulalohan sa Riyadh,4.3, Filipino,Riyadh Saudi Arabia,24.72125541,46.67108133,,5,Delicious food and have vedioke for entertainment,258,en
Bulalohan sa Riyadh,4.3, Filipino,Riyadh Saudi Arabia,24.72125541,46.67108133,,5,Delicious food and have vedioke for entertainment,258,en
RMROMA LAND,2.9, Theme park,Dammam Saudi Arabia Â· In Marina Mall,26.41187358,50.0904657,,5,Entertainment for childrenğŸ¤©ğŸ¤© but dangerous for parents ğŸ¤£ğŸ¤£ğŸ¤‘ğŸ¤‘.. Lovely place.,21,en
RMROMA LAND,2.9, Theme park,Dammam Saudi Arabia Â· In Marina Mall,26.41187358,50.0904657,,5,Entertainment for childrenğŸ¤©ğŸ¤© but dangerous for parents ğŸ¤£ğŸ¤£ğŸ¤‘ğŸ¤‘.. Lovely place.,21,en
Sparky's,3.9, Amusement park,Riyadh Saudi Arabia Â· In Al Nakheel Mall,24.72125541,46.67108133,,5,Entertainment for kids,925,en
Sparky's,3.9, Amusement park,Riyadh Saudi Arabia Â· In Al Nakheel Mall,24.72125541,46.67108133,,5,Entertainment for kids,925,en
Saffori Land,4.1, Amusement center,Riyadh Saudi Arabia Â· In Ø§Ù„Ø¹Ø«ÙŠÙ… Ù…ÙˆÙ„ | Othaim Mall,24.72125541,46.67108133,,5,Entertainment place for kids,4600,en
Empire Cinemas Ø§Ù…Ø¨Ø§ÙŠØ± Ø³ÙŠÙ†Ù…Ø§,4, Movie theater,Arar Saudi Arabia Â· In Ø§Ù„Ø¹Ø«ÙŠÙ… Ù…ÙˆÙ„,30.95805483,41.05834971,,5,"Excelent movie theater, recommended 100%",96,en
Chuck E. Cheese's,3.8, â‚¹ ,Riyadh Saudi Arabia,24.72125541,46.67108133,,5,Excellent kids and family entertainment place,3100,en
Universal Bowling Center,4.2, Bowling alley,Riyadh Saudi Arabia,24.72125541,46.67108133,,5,Family place entertainment,5000,en
AMC Cinemas Riyadh Gallery 9,4.2, Movie theater,Riyadh Saudi Arabia Â· In Riyadh Gallery Mall,24.72125541,46.67108133,,5,"Fancy chairs ,nice screens and snacks",1500,en
Conference Center,4.5, Conference center,Riyadh Saudi Arabia Â· In the Princess Nora bint Abdul Rahman University,24.72125541,46.67108133,,2,"Feels like you are sitting on stadium, not theater.",735,en
Riyadh Season,4.5, Tourist attraction,Riyadh Saudi Arabia,24.72125541,46.67108133,,5,Ful on entertainment place in riyadh,1400,en
Ø§Ø³ÙƒÙŠØ¨ Ù…Ø´Ù† | Escape Mission,4.6, Escape room center,Riyadh Saudi Arabia,24.72125541,46.67108133,,5,"Fun place, intelligent games and reasonable price range for activities.",436,en
Ø§Ø³ÙƒÙŠØ¨ Ù…Ø´Ù† | Escape Mission,4.6, Escape room center,Riyadh Saudi Arabia,24.72125541,46.67108133,,5,"Fun place, intelligent games and reasonable price range for activities.",436,en
King Abdullah Park,4.2, Tourist attraction,Riyadh Saudi Arabia,24.72125541,46.67108133,,5,Good entertainment place,3300,en
Long Flag,4.4, Tourist attraction,Diriyah Saudi Arabia Â· In King Salman Square in Diriyah,24.74969951,46.53795134,,5,Good place and very quiet.,792,en
Long Flag,4.4, Tourist attraction,Diriyah Saudi Arabia Â· In King Salman Square in Diriyah,24.74969951,46.53795134,,5,Good place and very quiet.,792,en
Modon Lake Park,4.3, Tourist attraction,Dammam Saudi Arabia,26.41187358,50.0904657,,5,Good place for entertainment,4900,en
Sparky's,3.8, Children's amusement center,Ø§Ù„Ø¸Ù‡Ø±Ø§Ù†Dhahran Saudi Arabia Â· In the Mall of Dhahran,26.30557463,50.17301591,,5,Good place for kids entertainment,740,en
Sparky's,3.8, Children's amusement center,Ø§Ù„Ø¸Ù‡Ø±Ø§Ù†Dhahran Saudi Arabia Â· In the Mall of Dhahran,26.30557463,50.17301591,,5,Good place for kids entertainment,740,en
Red Sand Dunes,4.5, Tourist attraction,Riyadh Saudi Arabia,24.72125541,46.67108133,,5,Good place there ...,17,en
Valley of Life,4, Tourist attraction,Riyadh Saudi Arabia,24.72125541,46.67108133,,5,Good place there ...,17,en
Sparky's | Ø³Ø¨Ø§Ø±ÙƒÙŠØ²,3.6, Amusement center,Alkharaj Saudi Arabia,24.15171457,47.32415312,,5,Grear Fun place for kids. Very well maintained.,349,en
Sparky's | Ø³Ø¨Ø§Ø±ÙƒÙŠØ²,3.6, Amusement center,Alkharaj Saudi Arabia,24.15171457,47.32415312,,5,Grear Fun place for kids. Very well maintained.,349,en
Jabal Baloum,4.3, Tourist attraction,Riyadh Saudi Arabia,24.72125541,46.67108133,,5,Great location for camping and to have fun around.,6,en
Jabal Baloum,4.3, Tourist attraction,Riyadh Saudi Arabia,24.72125541,46.67108133,,5,Great location for camping and to have fun around.,6,en
Sky Zone,4, Amusement center,Riyadh Saudi Arabia Â· In Al Hokair Time,24.72125541,46.67108133,,5,Great place for entertainment.,3800,en
Chuck E. Cheese,4.1, â‚¹ ,Riyadh Saudi Arabia,24.72125541,46.67108133,,5,Great place for kids entertainment,1600,en
Ù…Ø±ÙƒØ² ÙƒÙÙ‘Ùƒ Ù„Ù„ØªØ±ÙÙŠÙ‡ - Ù‡Ø§ÙŠ ÙØ§ÙŠÙ Hi 5,4.3, Amusement center,Riyadh Saudi Arabia,24.72125541,46.67108133,,5,Great place for kids for entertainment,106,en
Ù…Ø±ÙƒØ² ÙƒÙÙ‘Ùƒ Ù„Ù„ØªØ±ÙÙŠÙ‡ - Ù‡Ø§ÙŠ ÙØ§ÙŠÙ Hi 5,4.3, Amusement center,Riyadh Saudi Arabia,24.72125541,46.67108133,,5,Great place for kids for entertainment,106,en
Ushaiqer Heritage Village,4.5, Tourist attraction,Ushaiqer Saudi Arabia,25.34541484,45.1828179,,5,Great place to visit that shows you the old cities in Saudi Arabia,3000,en
Salam Park,4.3, Park,Riyadh Saudi Arabia,24.72125541,46.67108133,,5,Has many areas for entertainment including boat riding.,3900,en
Lake Park,4.5, Tourist attraction,Al Mithnab Saudi Arabia,25.85921483,44.20587094,,5,I am gonna tell my friends about the place,2100,en
Escape Room,4.5, Escape room center,Riyadh Saudi Arabia,24.72125541,46.67108133,,5,I highly recommend this place for spending fun time with your family ...,721,en
Escape Room,4.5, Escape room center,Riyadh Saudi Arabia,24.72125541,46.67108133,,5,I highly recommend this place for spending fun time with your family ...,721,en
SUNRISE RESORT,4.9, Resort hotel,Riyadh Saudi Arabia,24.72125541,46.67108133,,5,I mostly enjoyed the cinema theater,98,en
,4.9, Resort hotel,Riyadh Saudi Arabia,24.72125541,46.67108133,,5,I mostly enjoyed the cinema theater,98,en
Magic Planet Riyadh Front - Ù…Ø§Ø¬ÙŠÙƒ Ø¨Ù„Ø§Ù†ÙŠØª ÙˆØ§Ø¬Ù‡Ø© Ø§Ù„Ø±ÙŠØ§Ø¶,4.2, Amusement center,Riyadh Saudi Arabia Â· In Riyadh Front - Shopping Area,24.72125541,46.67108133,,5,I personally highly recommend him for a very sensitive areas in your ...,44,en
Magic Planet Riyadh Front - Ù…Ø§Ø¬ÙŠÙƒ Ø¨Ù„Ø§Ù†ÙŠØª ÙˆØ§Ø¬Ù‡Ø© Ø§Ù„Ø±ÙŠØ§Ø¶,4.2, Amusement center,Riyadh Saudi Arabia Â· In Riyadh Front - Shopping Area,24.72125541,46.67108133,,5,I personally highly recommend him for a very sensitive areas in your ...,44,en
Fanta Park,4.1, Amusement center,Riyadh Saudi Arabia Â· In Royal Mall Riyadh,24.72125541,46.67108133,,5,It a nice place for entertainment for your children but your children ...,49,en
Fanta Park,4.1, Amusement center,Riyadh Saudi Arabia Â· In Royal Mall Riyadh,24.72125541,46.67108133,,5,It a nice place for entertainment for your children but your children ...,49,en
Manakh King Abdulaziz Park,3.8, Tourist attraction,Riyadh Saudi Arabia,24.72125541,46.67108133,,5,It is very nice place. Especially for BarBQ.,2400,en
Mazebox Escape Room,4.5, Escape room center,Jeddah Saudi Arabia,21.4973944,39.16131511,,5,It's a really nice place. We had fun good price.,1200,en
Dhahran Movie Theatre,3.5, Movie theater,Dhahran Saudi Arabia,26.23408143,50.02504659,,5,Its a small cinema and staff is not a happy bunch,210,en
ÙØ²Ø² Ù‡ÙˆØ§ Fizz Hawa,4.6, Amusement center,Riyadh Saudi Arabia,24.72125541,46.67108133,,5,It's vast and really good for the price compared to other places,2100,en
VOX Cinemas Jubail Galleria Mall,3.4, Movie theater,Al Jubail Saudi Arabia Â· In Galleria Mall,27.13697608,49.5681482,,5,Just an average ordinary cinema!!!,87,en
Al Fazari Courtyard,4, Garden,Riyadh Saudi Arabia,24.72125541,46.67108133,,5,"Just gets better with time a few really nice places to eat, with great ...",34,en
Al-Samar Amusement Center,3.9, Amusement center,Riyadh Saudi Arabia,24.72125541,46.67108133,,5,"Like the place, very entertaining just choose your favourite activity",855,en
Tomb of Lihyan son of Kuza,4.6, Historical landmark,Hegra Saudi Arabia,26.80808958,37.9632509,,5,Living place of Samood's.,552,en
Ù…Ø­Ù…ÙŠØ© Ø§Ù„ÙˆØ¹ÙˆÙ„,4.6, Historical landmark,Hegra Saudi Arabia,26.80808958,37.9632509,,5,Living place of Samood's.,552,en
Empire Cinemas Khobar,3.9, Movie theater,Al Khobar Saudi Arabia Â· In Al Rashid Mall,26.29070603,50.18039363,,5,"Lovely place and staff, prices are reasonable, screens chairs are wonderful ğŸ‘ŒğŸ»",1300,en
DAZ Ø¯Ø§Ø²,4.5, Amusement center,Jeddah Saudi Arabia,21.4973944,39.16131511,,5,My daughterâ€™s favorite place !,278,en
DAZ Ø¯Ø§Ø²,4.5, Amusement center,Jeddah Saudi Arabia,21.4973944,39.16131511,,5,My daughterâ€™s favorite place !,278,en
Sky Zone,3.9, Amusement center,Riyadh Saudi Arabia Â· In Almakan Mall,24.72125541,46.67108133,,5,My favourite place ..,1000,en
Snow City,3.9, Amusement center,Riyadh Saudi Arabia Â· In Ø§Ù„Ø¹Ø«ÙŠÙ… Ù…ÙˆÙ„ | Othaim Mall,24.72125541,46.67108133,,5,Nb 1 entertainment place,7000,en
Muvi Cinemas | Ù…ÙˆÚ¤ÙŠ Ø³ÙŠÙ†Ù…Ø§,4.3, Movie theater,Khamis Mushait Saudi Arabia Â· In Mujan Park,18.2853439,42.74002585,,5,New clean and organized theater.,577,en
Muvi Cinemas | Ù…ÙˆÚ¤ÙŠ Ø³ÙŠÙ†Ù…Ø§,4.3, Movie theater,Khamis Mushait Saudi Arabia Â· In Mujan Park,18.2853439,42.74002585,,5,New clean and organized theater.,577,en
Mount Uraidh Hidden Spring,3, Tourist attraction,Riyadh Saudi Arabia,24.72125541,46.67108133,,5,Nice and quite place.,4,en
Ø¹ÙŠÙ† Ø§Ù„Ø¹Ø¨Ø§Ø³,3.7, Tourist attraction,Riyadh Saudi Arabia,24.72125541,46.67108133,,5,Nice and quite place.,3,en
TAKENDA,4.2, Amusement park,Riyadh Saudi Arabia Â· In Boulevard Riyadh City,24.72125541,46.67108133,,5,Nice family entertainment places,37,en
TAKENDA,4.2, Amusement park,Riyadh Saudi Arabia Â· In Boulevard Riyadh City,24.72125541,46.67108133,,5,Nice family entertainment places,37,en
Riyadh Water Tower,4.3, Tourist attraction,Riyadh Saudi Arabia,24.72125541,46.67108133,,5,Nice Location for kids,2100,en
Muvi Cinemas | Ù…ÙˆÚ¤ÙŠ Ø³ÙŠÙ†Ù…Ø§,3.7, Movie theater,Riyadh Saudi Arabia Â· In Al Nakheel Mall,24.72125541,46.67108133,,5,Nice place (dolby experience).,694,en
Muvi Cinemas | Ù…ÙˆÚ¤ÙŠ Ø³ÙŠÙ†Ù…Ø§,3.7, Movie theater,Riyadh Saudi Arabia Â· In Al Nakheel Mall,24.72125541,46.67108133,,5,Nice place (dolby experience).,694,en
Saudi Television Tower,4.4, Tourist attraction,Riyadh Saudi Arabia,24.72125541,46.67108133,,5,nice place and nice people inside tv station.,224,en
Saudi Television Tower,4.4, Tourist attraction,Riyadh Saudi Arabia,24.72125541,46.67108133,,5,nice place and nice people inside tv station.,224,en
Al-Bujairi Heritage Park,4.4, National park,Riyadh Saudi Arabia,24.72125541,46.67108133,,5,Nice place for family entertainment.... enough parking space ...,12000,en
Sparky's | Ø³Ø¨Ø§Ø±ÙƒÙŠØ²,4, Amusement center,Riyadh Saudi Arabia,24.72125541,46.67108133,,5,"Nice place for kids entertainment, fully isolated",168,en
Sparky's | Ø³Ø¨Ø§Ø±ÙƒÙŠØ²,4, Amusement center,Riyadh Saudi Arabia,24.72125541,46.67108133,,5,"Nice place for kids entertainment, fully isolated",168,en
Mosary Arena,3.4, Amusement center,Riyadh Saudi Arabia,24.72125541,46.67108133,,5,Nice place my kids was very happy that day Will visit again very ...,230,en
Al Hokair Time,4, Theme park,Riyadh Saudi Arabia,24.72125541,46.67108133,,5,"Nice place, variety of kids entertainment",2900,en
Ø³ÙŠÙ†Ù…Ø§ Ø§Ù„Ø¹Ø±Ø¨,4.2, Movie theater,Jeddah Saudi Arabia Â· In the Mall of Arabia,21.4973944,39.16131511,,5,Nice small theater to watch movies,941,en
King Abdulaziz Center for World Culture - Ithra,4.6, Movie theater,Unayzah Saudi Arabia Â· In The Boulevard Unayzah,26.09089033,43.98417278,,5,Nice theatre ğŸ­ğŸ­ well maintained..,1200,en
Muvi Cinemas | Ù…ÙˆÚ¤ÙŠ Ø³ÙŠÙ†Ù…Ø§,4.6, Movie theater,Unayzah Saudi Arabia Â· In The Boulevard Unayzah,26.09089033,43.98417278,,5,Nice theatre ğŸ­ğŸ­ well maintained..,1200,en
Lambee Tily,4.2, Amusement center,Riyadh Saudi Arabia,24.72125541,46.67108133,,5,NYC place... Kidz njying.... Tq waad for helping kidz...,1200,en
Family Park,4.1, Park,Riyadh Saudi Arabia,24.72125541,46.67108133,,5,OMG i was walking around and I saw the skinny legend queen jiafei ...,98,en
Family Park,4.1, Park,Riyadh Saudi Arabia,24.72125541,46.67108133,,5,OMG i was walking around and I saw the skinny legend queen jiafei ...,98,en
Sparky's,4, Amusement park,Riyadh Saudi Arabia Â· In Riyadh Gallery Mall,24.72125541,46.67108133,,5,One of the favorite places for kids,961,en
Sparky's,4, Amusement park,Riyadh Saudi Arabia Â· In Riyadh Gallery Mall,24.72125541,46.67108133,,5,One of the favorite places for kids,961,en
Sky Zone | Ø³ÙƒØ§ÙŠ Ø²ÙˆÙ†,3.8, Amusement center,Riyadh Saudi Arabia Â· In Al Maathar Plaza 2,24.72125541,46.67108133,,5,Prefect place to go to chill have fun and get some exercise on.,276,en
Sky Zone | Ø³ÙƒØ§ÙŠ Ø²ÙˆÙ†,3.8, Amusement center,Riyadh Saudi Arabia Â· In Al Maathar Plaza 2,24.72125541,46.67108133,,5,Prefect place to go to chill have fun and get some exercise on.,276,en
Al Douh Park,3.6, Tourist attraction,Riyadh Saudi Arabia,24.72125541,46.67108133,,5,Really good place to relaxğŸ˜€,4700,en
Sa'ad Red Sand - Dunes,4.8, Tourist attraction,Sa'ad Saudi Arabia,25.10712105,47.55659438,,1,Rubbish are everywhere near the rental place.,6,en
Sa'ad Red Sand - Dunes,4.8, Tourist attraction,Sa'ad Saudi Arabia,25.10712105,47.55659438,,1,Rubbish are everywhere near the rental place.,6,en
VOX Cinemas,4.2, Movie theater,Riyadh Saudi Arabia Â· In the Sahara Mall,24.72125541,46.67108133,,4,Small theater with good service.,1900,en
VOX Cinemas - Red Sea Mall,4.3, Movie theater,Jeddah Saudi Arabia Â· In the Red Sea Mall,21.4973944,39.16131511,,4,"Small theatre, but looks good",12000,en
vox cinemas,4.2, Movie theater,Riyadh Saudi Arabia Â· In Qasr Mall by Dar Al Arkan,24.72125541,46.67108133,,5,Sound system and atmosphere very good.,3500,en
AMC Cinemas KAFD,3.9, Movie theater,Riyadh Saudi Arabia Â· In Chalmont,24.72125541,46.67108133,,5,Spacious and nice theater,5300,en
The Escape Hotel,4.7, Escape room center,Jeddah Saudi Arabia,21.4973944,39.16131511,,5,Spooky yet fun place to try.. with different levels from easy to hard I ...,735,en
The Escape Hotel,4.7, Escape room center,Jeddah Saudi Arabia,21.4973944,39.16131511,,5,Spooky yet fun place to try.. with different levels from easy to hard I ...,735,en
Al Haeer Park Khamsa Khamsa,3.8, Tourist attraction,Riyadh Saudi Arabia,24.72125541,46.67108133,,5,Super nice place away from city crowd.,451,en
VOX Cinema,4.2, Movie theater,Hail Saudi Arabia,27.50477788,41.72005875,,2,temperatures is very low so it's very cold inside the theater.,525,en
Escape the Room,4.8, Escape room center,Al Khobar Saudi Arabia,26.25552659,50.20890577,,5,The best entertainment place in Khobar.,3200,en
Terhal,5, Concert hall,Diriyah Saudi Arabia,24.74969951,46.53795134,,2,"The food is not allowed inside the theater, so eat and drink your ...",65,en
Terhal,5, Concert hall,Diriyah Saudi Arabia,24.74969951,46.53795134,,2,"The food is not allowed inside the theater, so eat and drink your ...",65,en
Scitech,4.3, Science museum,Al Khobar Saudi Arabia,26.25552659,50.20890577,,5,The movie theater is cool...,6300,en
Planet X,3.9, Amusement center,Riyadh Saudi Arabia Â· In The Zone,24.72125541,46.67108133,,4,The place has a hydraulic driving rig with a bunch of games on it.,109,en
Planet X,3.9, Amusement center,Riyadh Saudi Arabia Â· In The Zone,24.72125541,46.67108133,,4,The place has a hydraulic driving rig with a bunch of games on it.,109,en
Sparky's | Ø³Ø¨Ø§Ø±ÙƒÙŠØ²,3.8, Amusement center,Dammam Saudi Arabia Â· In Dareen Mall,26.41187358,50.0904657,,5,This place is the best in area they have too much games and kids ...,1100,en
Ø£ÙØ§ØªØ§Ø± Ù„Ù„ØªØ±ÙÙŠØ©,3.7, Amusement center,Riyadh Saudi Arabia,24.72125541,46.67108133,,5,"Vary fun place , they can easily spend 6 hours without notice ğŸ˜ğŸ˜",725,en
Ø£ÙØ§ØªØ§Ø± Ù„Ù„ØªØ±ÙÙŠØ©,3.7, Amusement center,Riyadh Saudi Arabia,24.72125541,46.67108133,,5,"Vary fun place , they can easily spend 6 hours without notice ğŸ˜ğŸ˜",725,en
Jeddah Superdome,4.3, Event venue,Jeddah Saudi Arabia,21.4973944,39.16131511,,5,Very big theater for all kind of shows,5100,en
Snowy Forest,3.6, Escape room center,Riyadh Saudi Arabia,24.72125541,46.67108133,,5,Very entertaining place with very humble and great staff,1100,en
Muvi Suites Cinemas | Ù…ÙˆÚ¤ÙŠ Ø³ÙˆÙŠØªØ³ Ø³ÙŠÙ†Ù…Ø§,3.5, Movie theater,Jeddah Saudi Arabia,21.4973944,39.16131511,,5,Very fancy and cozy place.,274,en
Muvi Suites Cinemas | Ù…ÙˆÚ¤ÙŠ Ø³ÙˆÙŠØªØ³ Ø³ÙŠÙ†Ù…Ø§,3.5, Movie theater,Jeddah Saudi Arabia,21.4973944,39.16131511,,5,Very fancy and cozy place.,274,en
Ú¤ÙˆÙƒØ³ Ø³ÙŠÙ†Ù…Ø§ ØªØ¨ÙˆÙƒ Ø¨Ø§Ø±Ùƒ,4, Movie theater,Tabuk Saudi Arabia Â· In Tabuk Park,28.3967879,36.55626638,,5,Very fancy and cozy place.,336,en
Magic Planet Riyadh Park - Ù…Ø§Ø¬ÙŠÙƒ Ø¨Ù„Ø§Ù†ÙŠØª Ø§Ù„Ø±ÙŠØ§Ø¶ Ø¨Ø§Ø±Ùƒ,3.7, Amusement center,Riyadh Saudi Arabia Â· In Riyadh Park,24.72125541,46.67108133,,5,Very fun place for the kids.. Only problem is traffic ...,398,en
Magic Planet Riyadh Park - Ù…Ø§Ø¬ÙŠÙƒ Ø¨Ù„Ø§Ù†ÙŠØª Ø§Ù„Ø±ÙŠØ§Ø¶ Ø¨Ø§Ø±Ùƒ,3.7, Amusement center,Riyadh Saudi Arabia Â· In Riyadh Park,24.72125541,46.67108133,,5,Very fun place for the kids.. Only problem is traffic ...,398,en
Muvi Cinemas | Ù…ÙˆÚ¤ÙŠ Ø³ÙŠÙ†Ù…Ø§,4.3, Movie theater,Al Hofuf Saudi Arabia Â· In Al Ahsa Mall by Arabian Centres,25.36707337,49.58994411,,5,"Very good place, great experience",1900,en
Park near Museum,4.1, Park,Riyadh Saudi Arabia,24.72125541,46.67108133,,5,Very nice and well maintained place Good for morning & evening ...,8,en
Park near Museum,4.1, Park,Riyadh Saudi Arabia,24.72125541,46.67108133,,5,Very nice and well maintained place Good for morning & evening ...,8,en
Riyadh Front - Shopping Area,4.5, Shopping mall,Riyadh Saudi Arabia,24.72125541,46.67108133,,5,Very nice mall with Cinema theater facility,2500,en
Go Bowling & Laser Strike | Makan Mall,4.2, Video arcade,Riyadh Saudi Arabia,24.72125541,46.67108133,,5,Very nice place for entertainmentâ¤â¤â¤,283,en
Benchmark Stage,4.3, Live Music,Jeddah Saudi Arabia,21.4973944,39.16131511,,5,Very nice theater setup.,219,en
Benchmark Stage,4.3, Live Music,Jeddah Saudi Arabia,21.4973944,39.16131511,,5,Very nice theater setup.,219,en
Wadi Namar Waterfall,4.4, Tourist attraction,Riyadh Saudi Arabia,24.72125541,46.67108133,,5,Wadi Nimar in Riyadh is my favorite place for entertainment,5900,en
VOX Cinemas,4.4, Movie theater,Jeddah Saudi Arabia Â· In Town Square,21.4973944,39.16131511,,5,Wide and clean space.,2800,en
Umluj Beach,4.4, State park,Umluj Saudi Arabia,25.05268064,37.26192837,,5,Clear-water beach for diving & birding,1200,en
"Staybridge Suites al Khobar, an IHG Hotel",4.5, Hotel,Al Khobar Saudi Arabia,26.25552659,50.20890577,,4,Contemporary all-suite hotel with a pool,1900,en
King Abdulaziz Center for World Culture - Ithra,4.6, Movie theater,Dhahran Saudi Arabia,26.23408143,50.02504659,,4,Cultural center with a striking design,5200,en
Chifty Ø´ÙØªÙŠ,4.1, â‚¹â‚¹â‚¹â‚¹ ,Riyadh Saudi Arabia,24.72125541,46.67108133,,4,"Hip place with global eats, shisha & DJs",1700,en
ALNakheel Park,4, Tourist attraction,Riyadh Saudi Arabia,24.72125541,46.67108133,,5,"Lawns, palm trees & sports facilities",2300,en
Wadi Park,4, Tourist attraction,Riyadh Saudi Arabia,24.72125541,46.67108133,,5,Palm-shaded park for walks & kidsâ€™ games,2400,en
"Crowne Plaza al Khobar, an IHG Hotel",4.4, Hotel,Al Khobar Saudi Arabia,26.25552659,50.20890577,,4,Upmarket hotel with fine dining,5200,en
CinÃ©polis Cinemas - Lulu Mall,4, Movie theater,Dammam Saudi Arabia Â· In LuLu Mall - Dammam,26.41187358,50.0904657,,5,Upscale digital movie theater,1300,en
King Khalid Grand Mosque,4.8, Tourist attraction,Riyadh Saudi Arabia,24.72125541,46.67108133,,5,Worship hall with stain-glass windows,10000,en
Oz Lounge,3.8, Amusement center,Riyadh Saudi Arabia,24.72125541,46.67108133,,,,743,
Oz Lounge,3.8, Amusement center,Riyadh Saudi Arabia,24.72125541,46.67108133,,,,743,
Ø±ÙˆØ¶Ø© Ø§Ù„Ø®Ø±Ø§Ø±Ø©,4.2, State park,Al-Muzahmiya Saudi Arabia,24.47116747,46.27099427,,,,3500,
Alsafat Square,4.4, Tourist attraction,Riyadh Saudi Arabia,24.72125541,46.67108133,,,,1100,
Saudi Discovery,4.9, Travel agency,Riyadh Saudi Arabia,24.72125541,46.67108133,,,,15,
Al Orjouan,4.3, Buffet,"Riyadh Saudi Arabia Â· In The Ritz-Carlton, Riyadh",24.72125541,46.67108133,,,,705,
Lake park Riyadh,4.4, Tourist attraction,Riyadh Saudi Arabia,24.72125541,46.67108133,,,,703,
The old palace,3.9, Tourist attraction,Al Moqbel Palaces Saudi Arabia,24.52395356,46.35285735,,,,69,
Ù…Ø±ÙƒØ² Ø¶ÙŠØ§ÙØ© ÙƒÙŠØ§Ù† Ø§Ù„Ù…Ø³ØªÙ‚Ø¨Ù„,4.2, Kindergarten School,Riyadh Saudi Arabia,24.72125541,46.67108133,,,,86,
King Fahad's Fountain,4.5, Tourist attraction,Jeddah Saudi Arabia,21.4973944,39.16131511,,,,8900,
Live Show Arabia,5, Entertainment agency,Riyadh Saudi Arabia,24.72125541,46.67108133,,,,1,
Live Show Arabia,5, Entertainment agency,Riyadh Saudi Arabia,24.72125541,46.67108133,,,,1,
DOOMIDOO,3.9, Children's amusement center,Riyadh Saudi Arabia,24.72125541,46.67108133,,,,573,
DOOMIDOO,3.9, Children's amusement center,Riyadh Saudi Arabia,24.72125541,46.67108133,,,,573,
Bujairi Terrace,4.4, Tourist attraction,Riyadh Saudi Arabia,24.72125541,46.67108133,,,,560,
Go Bowling & Laser Strike | Makan Mall,4.2, Video arcade,Riyadh Saudi Arabia,24.72125541,46.67108133,,,,283,
Seafood restaurants,3.3, Seafood,Riyadh Saudi Arabia,24.72125541,46.67108133,,,,4,
Seafood restaurants,3.3, Seafood,Riyadh Saudi Arabia,24.72125541,46.67108133,,,,4,
TheClub,4.4, Entertainer,Jeddah Saudi Arabia,21.4973944,39.16131511,,,,654,
TheClub,4.4, Entertainer,Jeddah Saudi Arabia,21.4973944,39.16131511,,,,654,
Blvd World,4.6, Tourist attraction,Riyadh Saudi Arabia,24.72125541,46.67108133,,,,746,
Blvd World,4.6, Tourist attraction,Riyadh Saudi Arabia,24.72125541,46.67108133,,,,746,
Isteraha Al Faris,4.4, Community garden,Riyadh Saudi Arabia,24.72125541,46.67108133,,,,38,
Isteraha Al Faris,4.4, Community garden,Riyadh Saudi Arabia,24.72125541,46.67108133,,,,38,
Sala Hub,4.1, Children's amusement center,Riyadh Saudi Arabia,24.72125541,46.67108133,,,,14,
Sala Hub,4.1, Children's amusement center,Riyadh Saudi Arabia,24.72125541,46.67108133,,,,14,
Talal Maddah Theater,3.9, Stage,Abha Saudi Arabia,18.2295221,42.49169013,,,,2500,
Muvi Cinemas - Drive In Riyadh,3.7, Movie theater,Riyadh Saudi Arabia,24.72125541,46.67108133,,,,155,
Muvi Cinemas - Drive In Riyadh,3.7, Movie theater,Riyadh Saudi Arabia,24.72125541,46.67108133,,,,155,
Heritage village theatre,4.1, Performing arts theater,1c Saudi Arabia,20.14324857,41.38785904,,,,96,
Heritage village theatre,4.1, Performing arts theater,1c Saudi Arabia,20.14324857,41.38785904,,,,96,
Theater Lasan,3.5, Stage,Abha Saudi Arabia,18.2295221,42.49169013,,,,61,
Theater Lasan,3.5, Stage,Abha Saudi Arabia,18.2295221,42.49169013,,,,61,
University Theater,4.2, Stage,Abha Saudi Arabia Â· In King Khalid University,18.249416,42.55962771,,,,116,
University Theater,4.2, Stage,Abha Saudi Arabia Â· In King Khalid University,18.249416,42.55962771,,,,116,
Syrup,4.5, Corporate office,Ad Dilam Saudi Arabia,23.98607494,47.14504032,,,,406,
RIM rural farm in Dalam,4.4, Farm,Ad Dilam Saudi Arabia,23.98607494,47.14504032,,,,266,
RIM rural farm in Dalam,4.4, Farm,Ad Dilam Saudi Arabia,23.98607494,47.14504032,,,,266,
AMC Dawadmi 3,3.9, Movie theater,Al Duwadimi Saudi Arabia Â· In Ø¹Ø¨Ø§ÙŠØ© Ù†ÙˆØ§Ø¹Ù…,24.51142538,44.40159936,,,,82,
AMC Dawadmi 3,3.9, Movie theater,Al Duwadimi Saudi Arabia Â· In Ø¹Ø¨Ø§ÙŠØ© Ù†ÙˆØ§Ø¹Ù…,24.51142538,44.40159936,,,,82,
Muvi Cinemas - Jubail Mall,4.3, Movie theater,Al Jubail Saudi Arabia Â· In Cenomi Al Jubail Mall,27.00400154,49.65922499,,,,871,
Corniche Island,4.7, Tourist attraction,Al Khobar Saudi Arabia,26.25552659,50.20890577,,,,22,
Corniche Island,4.7, Tourist attraction,Al Khobar Saudi Arabia,26.25552659,50.20890577,,,,22,
AMC Cinemas Ajdan Walk,4.4, Movie theater,Al Khobar Saudi Arabia Â· In Ajdan Walk,26.28351006,50.21958881,,,,957,
AMC Cinemas Ajdan Walk,4.4, Movie theater,Al Khobar Saudi Arabia Â· In Ajdan Walk,26.28351006,50.21958881,,,,957,
Education Department Theater,4, Performing arts theater,Al Madinah Al Munawwarah Saudi Arabia,24.45821502,39.59823579,,,,169,
Education Department Theater,4, Performing arts theater,Al Madinah Al Munawwarah Saudi Arabia,24.45821502,39.59823579,,,,169,
AMC Cinemas Karam 5,4.1, Movie theater,Al Majma'ah Saudi Arabia Â· In Karam Mall,25.89594467,45.39458615,,,,359,
AMC Cinemas Karam 5,4.1, Movie theater,Al Majma'ah Saudi Arabia Â· In Karam Mall,25.89594467,45.39458615,,,,359,
Ø¨Ø¯Ø§ÙŠØ© Ø§Ù„Ù…Ø³Ø§Ø±,4.6, Hiking area,Al Moqbel Palaces Saudi Arabia,24.52395356,46.35285735,,,,16,
Ø¨Ø¯Ø§ÙŠØ© Ø§Ù„Ù…Ø³Ø§Ø±,4.6, Hiking area,Al Moqbel Palaces Saudi Arabia,24.52395356,46.35285735,,,,16,
Ø§Ù„Ù…Ø³Ø±Ø­ Ø§Ù„Ø±ÙˆÙ…Ø§Ù†ÙŠ | Roman Theater,4.1, Performing arts theater,Al Uqayr Saudi Arabia,25.64444233,50.21456407,,,,151,
Ø§Ù„Ù…Ø³Ø±Ø­ Ø§Ù„Ø±ÙˆÙ…Ø§Ù†ÙŠ | Roman Theater,4.1, Performing arts theater,Al Uqayr Saudi Arabia,25.64444233,50.21456407,,,,151,
Ø§Ù„Ù…Ø³Ø±Ø­ Ø§Ù„Ø±ÙˆÙ…Ø§Ù†ÙŠ | Roman Theater,4.1, Performing arts theater,Al Uqayr Saudi Arabia,25.64444233,50.21456407,,,,151,
Khararah Lake,4.2, Park,Al-Muzahmiya Saudi Arabia,24.47116747,46.27099427,,,,958,
Observatory Thanian,4.6, Tourist attraction,Al-Muzahmiya Saudi Arabia,24.47116747,46.27099427,,,,23,
Observatory Thanian,4.6, Tourist attraction,Al-Muzahmiya Saudi Arabia,24.47116747,46.27099427,,,,23,
Empire Cinemas Ø§Ù…Ø¨Ø§ÙŠØ± Ø³ÙŠÙ†Ù…Ø§,4, Movie theater,Arar Saudi Arabia Â· In Ø§Ù„Ø¹Ø«ÙŠÙ… Ù…ÙˆÙ„,30.95805483,41.05834971,,,,96,
Saudi Aramco Abqaiq Community theater,3.9, Movie theater,Buqayq Saudi Arabia,25.93327118,49.66240295,,,,13,
Chuck E. Cheese,4.1, Theme park,Buraydah Saudi Arabia,26.35591805,43.98512957,,,,544,
Chuck E. Cheese,4.1, Theme park,Buraydah Saudi Arabia,26.35591805,43.98512957,,,,544,
Sparky's | Ø³Ø¨Ø§Ø±ÙƒÙŠØ²,3.4, Amusement center,Buraydah Saudi Arabia Â· In Al Nakheel Plaza,26.36892874,43.96183428,,,,18,
Sparky's | Ø³Ø¨Ø§Ø±ÙƒÙŠØ²,3.4, Amusement center,Buraydah Saudi Arabia Â· In Al Nakheel Plaza,26.36892874,43.96183428,,,,18,
Ù…ÙˆÚ¤ÙŠ Ø³ÙŠÙ†Ù…Ø§ Ø§Ù„Ù†Ø®ÙŠÙ„ Ø¨Ù„Ø§Ø²Ø§_ Ø¨Ø±ÙŠØ¯Ø©,4.4, Movie theater,Buraydah Saudi Arabia Â· In Al Nakheel Plaza,26.36892874,43.96183428,,,,1400,
Ø³ÙÙˆØ±ÙŠ Ù„Ø§Ù†Ø¯ | Safforiland,3.4, Amusement park,Buraydah Saudi Arabia Â· In Al Othaim Mall,26.37451812,43.93587081,,,,59,
Ø³ÙÙˆØ±ÙŠ Ù„Ø§Ù†Ø¯ | Safforiland,3.4, Amusement park,Buraydah Saudi Arabia Â· In Al Othaim Mall,26.37451812,43.93587081,,,,59,
Al Comedy Club,4.4, Performing arts theater,Dammam Saudi Arabia,26.41187358,50.0904657,,,,18,
Muvi Cinemas | Ù…ÙˆÚ¤ÙŠ Ø³ÙŠÙ†Ù…Ø§,4.1, Movie theater,Dammam Saudi Arabia Â· In Cenomi Al Nakheel Dammam Mall,26.41187358,50.0904657,,,,2700,
Muvi Cinemas | Ù…ÙˆÚ¤ÙŠ Ø³ÙŠÙ†Ù…Ø§,4.1, Movie theater,Dammam Saudi Arabia Â· In Cenomi Al Nakheel Dammam Mall,26.41187358,50.0904657,,,,2700,
Vox Cinemas,4.1, Movie theater,Dammam Saudi Arabia Â· In West Avenue Mall,26.41187358,50.0904657,,,,4800,
Vox Cinemas,4.1, Movie theater,Dammam Saudi Arabia Â· In West Avenue Mall,26.41187358,50.0904657,,,,4800,
Ithra Theatre,4.7, Childrens theater,Dhahran Saudi Arabia,26.23408143,50.02504659,,,,489,
Ithra Theatre,4.7, Childrens theater,Dhahran Saudi Arabia,26.23408143,50.02504659,,,,489,
Muvi Cinemas | Ù…ÙˆÚ¤ÙŠ Ø³ÙŠÙ†Ù…Ø§,3.8, Movie theater,Dhahran Saudi Arabia Â· In the Mall of Dhahran,26.23408143,50.02504659,,,,389,
AMC cinemas,4.2, Movie theater,Hafar Al Batin Saudi Arabia,28.38011054,45.96085154,,,,268,
AMC cinemas,4.2, Movie theater,Hafar Al Batin Saudi Arabia,28.38011054,45.96085154,,,,268,
VOX Cinema,4.2, Movie theater,Hail Saudi Arabia,27.50477788,41.72005875,,,,525,
Empire Cinemas Hail,4, Movie theater,Hail Saudi Arabia,27.50477788,41.72005875,,,,137,
Empire Cinemas Hail,4, Movie theater,Hail Saudi Arabia,27.50477788,41.72005875,,,,137,
Ù†Ø·ÙŠØ·Ø§Øª Ø­Ø§ÙŠÙ„,3.2, Movie theater,Hail Saudi Arabia,27.50477788,41.72005875,,,,5,
Ù†Ø·ÙŠØ·Ø§Øª Ø­Ø§ÙŠÙ„,3.2, Movie theater,Hail Saudi Arabia,27.50477788,41.72005875,,,,5,
AMC Garden 5 - Hail,4.3, Movie theater,Hail Saudi Arabia Â· In Garden Mall,27.50477788,41.72005875,,,,33,
AMC Garden 5 - Hail,4.3, Movie theater,Hail Saudi Arabia Â· In Garden Mall,27.50477788,41.72005875,,,,33,
Lonely Castle,5, Museum,Hegra Saudi Arabia,26.80808958,37.9632509,,,,5,
Lonely Castle,5, Museum,Hegra Saudi Arabia,26.80808958,37.9632509,,,,5,
"Ø´Ø¹ÙŠØ¨ Ø­Ø±ÙŠÙ…Ù„Ø§Ø¡",4.5, Park,Huraymila Saudi Arabia,25.11551418,46.10318038,,,,324,
"Ø´Ø¹ÙŠØ¨ Ø­Ø±ÙŠÙ…Ù„Ø§Ø¡",4.5, Park,Huraymila Saudi Arabia,25.11551418,46.10318038,,,,324,
Empire Cinemas Jazan,4.1, Movie theater,Jazan Saudi Arabia,16.90048154,42.56701059,,,,975,
Muvi Cinemas | Ù…ÙˆÚ¤ÙŠ Ø³ÙŠÙ†Ù…Ø§,4.1, Movie theater,Jazan Saudi Arabia,16.90048154,42.56701059,,,,975,
CinÃ©polis Cinemas Ø³ÙŠÙ†Ù…Ø§ Ø³ÙŠÙ†ÙŠØ¨ÙˆÙ„Ø³,4, Movie theater,Jazan Saudi Arabia,16.90048154,42.56701059,,,,86,
CinÃ©polis Cinemas Ø³ÙŠÙ†Ù…Ø§ Ø³ÙŠÙ†ÙŠØ¨ÙˆÙ„Ø³,4, Movie theater,Jazan Saudi Arabia,16.90048154,42.56701059,,,,86,
super dome theater,4.4, Concert hall,Jeddah Saudi Arabia,21.4973944,39.16131511,,,,38,
super dome theater,4.4, Concert hall,Jeddah Saudi Arabia,21.4973944,39.16131511,,,,38,
CinÃ©polis Cinemas - Al Jamea Plaza,4.2, Movie theater,Jeddah Saudi Arabia Â· In Al Jamea Plaza,21.4973944,39.16131511,,,,1800,
CinÃ©polis Cinemas - Al Jamea Plaza,4.2, Movie theater,Jeddah Saudi Arabia Â· In Al Jamea Plaza,21.4973944,39.16131511,,,,1800,
Muvi Cinemas,3.9, Movie theater,Jeddah Saudi Arabia Â· In Al Salaam Mall,21.4973944,39.16131511,,,,108,
Muvi Cinemas,3.9, Movie theater,Jeddah Saudi Arabia Â· In Al Salaam Mall,21.4973944,39.16131511,,,,108,
Empire Cinemas Jeddah,4.1, Movie theater,Jeddah Saudi Arabia Â· In Al-Andalus Mall,21.4973944,39.16131511,,,,1300,
Ø³ÙŠÙ†Ù…Ø§ Ø§Ù„Ø¹Ø±Ø¨,4.2, Movie theater,Jeddah Saudi Arabia Â· In the Mall of Arabia,21.4973944,39.16131511,,,,941,
Snowy Forest | Ø³Ù†ÙˆÙŠ ÙÙˆØ±Ø³Øª,2.8, Amusement center,Jeddah Saudi Arabia Â· In the Red Sea Mall,21.4973944,39.16131511,,,,97,
Snowy Forest | Ø³Ù†ÙˆÙŠ ÙÙˆØ±Ø³Øª,2.8, Amusement center,Jeddah Saudi Arabia Â· In the Red Sea Mall,21.4973944,39.16131511,,,,97,
Muvi Cinemas The Village,4.4, Movie theater,Jeddah Saudi Arabia Â· In The village mall,21.4973944,39.16131511,,,,17,
Muvi Cinemas The Village,4.4, Movie theater,Jeddah Saudi Arabia Â· In The village mall,21.4973944,39.16131511,,,,17,
Muvi Cinemas | Ù…ÙˆÚ¤ÙŠ Ø³ÙŠÙ†Ù…Ø§,4.2, Movie theater,Jeddah Saudi Arabia Â· In Yasmin mall,21.4973944,39.16131511,,,,840,
Muvi Cinemas | Ù…ÙˆÚ¤ÙŠ Ø³ÙŠÙ†Ù…Ø§,4.2, Movie theater,Jeddah Saudi Arabia Â· In Yasmin mall,21.4973944,39.16131511,,,,840,
Nofa wild life park and safari,4.4, Wildlife and safari park,Khubayb Al Reem Saudi Arabia,24.40953147,45.92878995,,,,199,
Nofa wild life park and safari,4.4, Wildlife and safari park,Khubayb Al Reem Saudi Arabia,24.40953147,45.92878995,,,,199,
Kmax Cinema,4.1, Movie theater,King Abdullah Economic City Saudi Arabia,22.44941623,39.09763547,,,,130,
Kmax Cinema,4.1, Movie theater,King Abdullah Economic City Saudi Arabia,22.44941623,39.09763547,,,,130,
Najmah Theater,4, Movie theater,Ras Tanura Saudi Arabia,26.77082642,49.99006806,,,,81,
Najmah Theater,4, Movie theater,Ras Tanura Saudi Arabia,26.77082642,49.99006806,,,,81,
AMC Cinemas Azizia 3,4.3, Movie theater,Riyadh Saudi Arabia,24.72125541,46.67108133,,,,604,
Ù…Ø±ÙƒØ² Ø§Ù„ØµÙ…Ù„Ø© Ù„Ù„ØªØ±ÙÙŠÙ‡ | ALSAMLAH,4.1, Amusement center,Riyadh Saudi Arabia,24.72125541,46.67108133,,,,451,
Ù…Ø±ÙƒØ² Ø§Ù„ØµÙ…Ù„Ø© Ù„Ù„ØªØ±ÙÙŠÙ‡ | ALSAMLAH,4.1, Amusement center,Riyadh Saudi Arabia,24.72125541,46.67108133,,,,451,
Muvi Cinemas | Ù…ÙˆÚ¤ÙŠ Ø³ÙŠÙ†Ù…Ø§,4.4, Movie theater,Riyadh Saudi Arabia,24.72125541,46.67108133,,,,449,
Muvi Cinemas | Ù…ÙˆÚ¤ÙŠ Ø³ÙŠÙ†Ù…Ø§,4.4, Movie theater,Riyadh Saudi Arabia,24.72125541,46.67108133,,,,449,
Round About,3.6, Amusement center,Riyadh Saudi Arabia,24.72125541,46.67108133,,,,417,
Snowy Forest,3.6, Amusement center,Riyadh Saudi Arabia,24.72125541,46.67108133,,,,417,
The Secret Room,4.2, Escape room center,Riyadh Saudi Arabia,24.72125541,46.67108133,,,,353,
The Secret Room,4.2, Escape room center,Riyadh Saudi Arabia,24.72125541,46.67108133,,,,353,
The Escape Hotel,4.5, Escape room center,Riyadh Saudi Arabia,24.72125541,46.67108133,,,,313,
The Escape Hotel,4.5, Escape room center,Riyadh Saudi Arabia,24.72125541,46.67108133,,,,313,
"Ø­Ø¯ÙŠÙ‚Ø© Ø§Ù„ÙÙŠØ­Ø§Ø¡ Ø§Ù„Ø£ÙˆÙ„Ù‰",3.9, Garden,Riyadh Saudi Arabia,24.72125541,46.67108133,,,,201,
"Ø­Ø¯ÙŠÙ‚Ø© Ø§Ù„ÙÙŠØ­Ø§Ø¡ Ø§Ù„Ø£ÙˆÙ„Ù‰",3.9, Garden,Riyadh Saudi Arabia,24.72125541,46.67108133,,,,201,
Red Sea Beach,4.5, Children's amusement center,Riyadh Saudi Arabia,24.72125541,46.67108133,,,,137,
Triangle Park,3.9, Garden,Riyadh Saudi Arabia,24.72125541,46.67108133,,,,109,
Triangle Park,3.9, Garden,Riyadh Saudi Arabia,24.72125541,46.67108133,,,,109,
Kids Gym,4, Children's amusement center,Riyadh Saudi Arabia,24.72125541,46.67108133,,,,95,
Kids Gym,4, Children's amusement center,Riyadh Saudi Arabia,24.72125541,46.67108133,,,,95,
Masjid Diplomatic Quarters,4.6, Tourist attraction,Riyadh Saudi Arabia,24.72125541,46.67108133,,,,77,
Masjid Diplomatic Quarters,4.6, Tourist attraction,Riyadh Saudi Arabia,24.72125541,46.67108133,,,,77,
Ù…ÙˆØ³Ù… Ø§Ù„Ø¬ÙŠÙ…Ø±Ø²,4.3, Tourist attraction,Riyadh Saudi Arabia,24.72125541,46.67108133,,,,68,
Ù…ÙˆØ³Ù… Ø§Ù„Ø¬ÙŠÙ…Ø±Ø²,4.3, Tourist attraction,Riyadh Saudi Arabia,24.72125541,46.67108133,,,,68,
King Fahad library Park,4.3, Park,Riyadh Saudi Arabia,24.72125541,46.67108133,,,,65,
King Fahad library Park,4.3, Park,Riyadh Saudi Arabia,24.72125541,46.67108133,,,,65,
Lake park View point,4.5, Park,Riyadh Saudi Arabia,24.72125541,46.67108133,,,,62,
Lake park View point,4.5, Park,Riyadh Saudi Arabia,24.72125541,46.67108133,,,,62,
I Love Riyadh Sign,4.5, Tourist attraction,Riyadh Saudi Arabia,24.72125541,46.67108133,,,,50,
I Love Riyadh Sign,4.5, Tourist attraction,Riyadh Saudi Arabia,24.72125541,46.67108133,,,,50,
Mabelle,4.7, Children's amusement center,Riyadh Saudi Arabia,24.72125541,46.67108133,,,,42,
Mabelle,4.7, Children's amusement center,Riyadh Saudi Arabia,24.72125541,46.67108133,,,,42,
Empire Cinemas - Head Office,4, Movie theater,Riyadh Saudi Arabia,24.72125541,46.67108133,,,,36,
Empire Cinemas - Head Office,4, Movie theater,Riyadh Saudi Arabia,24.72125541,46.67108133,,,,36,
Rotana Theater,3.6, Performing arts theater,Riyadh Saudi Arabia,24.72125541,46.67108133,,,,30,
Rotana Theater,3.6, Performing arts theater,Riyadh Saudi Arabia,24.72125541,46.67108133,,,,30,
Ù…ÙˆØ§Ù‚Ù Ø§Ø¯Ø§Ø±Ø© Ø§Ù„Ø¨ÙˆÙ„ÙŠÚ¤Ø§Ø±Ø¯,4.1, Tourist attraction,Riyadh Saudi Arabia,24.72125541,46.67108133,,,,28,
Ù…ÙˆØ§Ù‚Ù Ø§Ø¯Ø§Ø±Ø© Ø§Ù„Ø¨ÙˆÙ„ÙŠÚ¤Ø§Ø±Ø¯,4.1, Tourist attraction,Riyadh Saudi Arabia,24.72125541,46.67108133,,,,28,
Ø§Ù„Ø®Ø²Ø§Ù…Ù‰ ÙˆØ§Ø¯ÙŠ Ø­Ù†ÙŠÙÙ‡,4.5, Hiking area,Riyadh Saudi Arabia,24.72125541,46.67108133,,,,26,
Ø§Ù„Ø®Ø²Ø§Ù…Ù‰ ÙˆØ§Ø¯ÙŠ Ø­Ù†ÙŠÙÙ‡,4.5, Hiking area,Riyadh Saudi Arabia,24.72125541,46.67108133,,,,26,
Cave Park,4, Park,Riyadh Saudi Arabia,24.72125541,46.67108133,,,,25,
Cave Park,4, Park,Riyadh Saudi Arabia,24.72125541,46.67108133,,,,25,
Far-is studio,4.6, Museum,Riyadh Saudi Arabia,24.72125541,46.67108133,,,,17,
Far-is studio,4.6, Museum,Riyadh Saudi Arabia,24.72125541,46.67108133,,,,17,
Valley of Life,4, Tourist attraction,Riyadh Saudi Arabia,24.72125541,46.67108133,,,,17,
IS IT REAL?,4.7, Tourist attraction,Riyadh Saudi Arabia,24.72125541,46.67108133,,,,10,
IS IT REAL?,4.7, Tourist attraction,Riyadh Saudi Arabia,24.72125541,46.67108133,,,,10,
Little Red Sand,4.3, Tourist attraction,Riyadh Saudi Arabia,24.72125541,46.67108133,,,,7,
Little Red Sand,4.3, Tourist attraction,Riyadh Saudi Arabia,24.72125541,46.67108133,,,,7,
Market DQ,2.5, Tourist attraction,Riyadh Saudi Arabia,24.72125541,46.67108133,,,,4,
Market DQ,2.5, Tourist attraction,Riyadh Saudi Arabia,24.72125541,46.67108133,,,,4,
Alkuzama,4.5, Tourist attraction,Riyadh Saudi Arabia,24.72125541,46.67108133,,,,2,
Alkuzama,4.5, Tourist attraction,Riyadh Saudi Arabia,24.72125541,46.67108133,,,,2,
Jammoly World,5, Children's amusement center,Riyadh Saudi Arabia,24.72125541,46.67108133,,,,1,
Sulai,4, Garden,Riyadh Saudi Arabia,24.72125541,46.67108133,,,,1,
Sulai,4, Garden,Riyadh Saudi Arabia,24.72125541,46.67108133,,,,1,
Al Muruj Park,3.9, Tourist attraction,Riyadh Saudi Arabia,24.72125541,46.67108133,,,,1400,
Al Shaeeb Park,4, Tourist attraction,Riyadh Saudi Arabia,24.72125541,46.67108133,,,,2100,
Al Shaeeb Park,4, Tourist attraction,Riyadh Saudi Arabia,24.72125541,46.67108133,,,,2100,
ØªØ´ÙƒÙŠ ØªØ´ÙŠØ²,4, â‚¹ ,Riyadh Saudi Arabia,24.72125541,46.67108133,,,,2400,
ØªØ´ÙƒÙŠ ØªØ´ÙŠØ²,4, â‚¹ ,Riyadh Saudi Arabia,24.72125541,46.67108133,,,,2400,
Happy Cheese,4.6, Children's amusement center,Riyadh Saudi Arabia,24.72125541,46.67108133,,,,2700,
Ø¬Ø§Ù…Ø¹ Ø³Ù„ÙŠÙ…Ø§Ù† Ø§Ù„Ø±Ø§Ø¬Ø­ÙŠ,4.8, Tourist attraction,Riyadh Saudi Arabia,24.72125541,46.67108133,,,,2700,
WORLD SIGHTS PARK,4.1, Tourist attraction,Riyadh Saudi Arabia,24.72125541,46.67108133,,,,3100,
WORLD SIGHTS PARK,4.1, Tourist attraction,Riyadh Saudi Arabia,24.72125541,46.67108133,,,,3100,
Al Masmak Palace Museum,4.5, Tourist attraction,Riyadh Saudi Arabia,24.72125541,46.67108133,,,,3200,
Durat Al Sahel Water Theme Park,3.7, Theme park,Riyadh Saudi Arabia,24.72125541,46.67108133,,,,3200,
Riyadh Zoo,4.2, Tourist attraction,Riyadh Saudi Arabia,24.72125541,46.67108133,,,,3600,
Ø­Ø¯ÙŠÙ‚Ø© Ø§Ù„ÙˆØ·Ù†,4.2, Theme park,Riyadh Saudi Arabia,24.72125541,46.67108133,,,,8400,
Ø­Ø¯ÙŠÙ‚Ø© Ø§Ù„ÙˆØ·Ù†,4.2, Theme park,Riyadh Saudi Arabia,24.72125541,46.67108133,,,,8400,
Ø³ÙÙˆØ±ÙŠ Ù„Ø§Ù†Ø¯ | Safforiland,3.8, Amusement center,Riyadh Saudi Arabia Â· In Al Othaim Mall,24.72125541,46.67108133,,,,296,
Ø³ÙÙˆØ±ÙŠ Ù„Ø§Ù†Ø¯ | Safforiland,3.8, Amusement center,Riyadh Saudi Arabia Â· In Al Othaim Mall,24.72125541,46.67108133,,,,296,
AMC Cinemas Al Khair 9,4.3, Movie theater,Riyadh Saudi Arabia Â· In Almakan Mall,24.72125541,46.67108133,,,,1600,
VOX cinema,4.1, Movie theater,Riyadh Saudi Arabia Â· In Atyaf Mall,24.72125541,46.67108133,,,,1000,
VOX cinema,4.1, Movie theater,Riyadh Saudi Arabia Â· In Atyaf Mall,24.72125541,46.67108133,,,,1000,
Ù…Ø³Ø±Ø­ Ø¨ÙƒØ± Ø§Ù„Ø´Ø¯ÙŠ,4.3, Performing arts theater,Riyadh Saudi Arabia Â· In Boulevard studios,24.72125541,46.67108133,,,,125,
Ù…Ø³Ø±Ø­ Ø¨ÙƒØ± Ø§Ù„Ø´Ø¯ÙŠ,4.3, Performing arts theater,Riyadh Saudi Arabia Â· In Boulevard studios,24.72125541,46.67108133,,,,125,
Muvi Cinemas - Salaam Mall,3.6, Movie theater,Riyadh Saudi Arabia Â· In Cenomi Salam Mall,24.72125541,46.67108133,,,,130,
Muvi Boutique Cinema,4.4, Movie theater,Riyadh Saudi Arabia Â· In Cenomi Tala Mall,24.72125541,46.67108133,,,,376,
Muvi Boutique Cinema,4.4, Movie theater,Riyadh Saudi Arabia Â· In Cenomi Tala Mall,24.72125541,46.67108133,,,,376,
The sky bridge of the kingdom center,4.5, Tourist attraction,Riyadh Saudi Arabia Â· In Kingdom Centre,24.72125541,46.67108133,,,,94,
The sky bridge of the kingdom center,4.5, Tourist attraction,Riyadh Saudi Arabia Â· In Kingdom Centre,24.72125541,46.67108133,,,,94,
Hello Park,4.6, Park,Riyadh Saudi Arabia Â· In Panorama Mall,24.72125541,46.67108133,,,,55,
Hello Park,4.6, Park,Riyadh Saudi Arabia Â· In Panorama Mall,24.72125541,46.67108133,,,,55,
AMC Cinemas Panorama 10,4.3, Movie theater,Riyadh Saudi Arabia Â· In Panorama Mall,24.72125541,46.67108133,,,,1900,
Tim Tech Rimal Center,5, Children's amusement center,Riyadh Saudi Arabia Â· In Rimal Center,24.72125541,46.67108133,,,,2,
Tim Tech Rimal Center,5, Children's amusement center,Riyadh Saudi Arabia Â· In Rimal Center,24.72125541,46.67108133,,,,2,
Vox Cinema - Riyadh Front,4.3, Movie theater,Riyadh Saudi Arabia Â· In Riyadh Front - Shopping Area,24.72125541,46.67108133,,,,5800,
Vox Cinema - Riyadh Front,4.3, Movie theater,Riyadh Saudi Arabia Â· In Riyadh Front - Shopping Area,24.72125541,46.67108133,,,,5800,
Vox Cinema - Riyadh Park Mall,4.1, Movie theater,Riyadh Saudi Arabia Â· In Riyadh Park,24.72125541,46.67108133,,,,7400,
ChuckE cheese,4.3, â‚¹â‚¹ ,Riyadh Saudi Arabia Â· In Thaghr Plaza,24.72125541,46.67108133,,,,3000,
vox cinema,4.2, Movie theater,Riyadh Saudi Arabia Â· In The Esplanade Mall,24.72125541,46.67108133,,,,724,
vox cinema,4.2, Movie theater,Riyadh Saudi Arabia Â· In The Esplanade Mall,24.72125541,46.67108133,,,,724,
Ú¤ÙˆÙƒØ³ Ø³ÙŠÙ†Ù…Ø§ Ø°Ø§ Ø±ÙˆÙ,4.3, Movie theater,Riyadh Saudi Arabia Â· In The Roof,24.72125541,46.67108133,,,,3600,
Ú¤ÙˆÙƒØ³ Ø³ÙŠÙ†Ù…Ø§ Ø°Ø§ Ø±ÙˆÙ,4.3, Movie theater,Riyadh Saudi Arabia Â· In The Roof,24.72125541,46.67108133,,,,3600,
Muvi Cinemas | Ù…ÙˆÚ¤ÙŠ Ø³ÙŠÙ†Ù…Ø§,4.3, Movie theater,Riyadh Saudi Arabia Â· In U Walk,24.72125541,46.67108133,,,,2800,
GOLD,4.1, Movie theater,Riyadh Saudi Arabia Â· In Vox Cinema - Riyadh Front,24.72125541,46.67108133,,,,38,
GOLD,4.1, Movie theater,Riyadh Saudi Arabia Â· In Vox Cinema - Riyadh Front,24.72125541,46.67108133,,,,38,
Ú¤ÙˆÙƒØ³ Ø³ÙŠÙ†Ù…Ø§ Ø°Ø§ Ø³Ø¨ÙˆØª,4.2, Movie theater,Riyadh Saudi Arabia Â· In Ø±Ø§ÙƒØ§ Ø¨Ù„Ø§Ø²Ø§ RAKAA PLAZA,24.72125541,46.67108133,,,,724,
Ú¤ÙˆÙƒØ³ Ø³ÙŠÙ†Ù…Ø§ Ø°Ø§ Ø³Ø¨ÙˆØª,4.2, Movie theater,Riyadh Saudi Arabia Â· In Ø±Ø§ÙƒØ§ Ø¨Ù„Ø§Ø²Ø§ RAKAA PLAZA,24.72125541,46.67108133,,,,724,
Saffori Land,4.1, Amusement center,Riyadh Saudi Arabia Â· In Ø§Ù„Ø¹Ø«ÙŠÙ… Ù…ÙˆÙ„ | Othaim Mall,24.72125541,46.67108133,,,,4600,
Ø§Ù„Ø¹Ø§Ø°Ø±ÙŠØ© Ù„Ù„Ø·ÙŠØ±Ø§Ù† Ø§Ù„Ø±ÙŠØ§Ø¶ÙŠ,4.5, Amusement center,Riyadh Saudi Arabia Â· In Ù‚Ù„Ø¹Ø© Ø§Ø³ØªØ·Ù„Ø§Ø¹ÙŠØ©,24.72125541,46.67108133,,,,99,
Ø§Ù„Ø¹Ø§Ø°Ø±ÙŠØ© Ù„Ù„Ø·ÙŠØ±Ø§Ù† Ø§Ù„Ø±ÙŠØ§Ø¶ÙŠ,4.5, Amusement center,Riyadh Saudi Arabia Â· In Ù‚Ù„Ø¹Ø© Ø§Ø³ØªØ·Ù„Ø§Ø¹ÙŠØ©,24.72125541,46.67108133,,,,99,
Raghba observation tower,4.6, Tourist attraction,Rughabah Saudi Arabia,25.17223486,45.80131379,,,,74,
Raghba observation tower,4.6, Tourist attraction,Rughabah Saudi Arabia,25.17223486,45.80131379,,,,74,
Tekka Tatbeelah,4.6, â‚¹ ,Safwa Saudi Arabia,26.65969635,49.9487595,,,,593,
AMC - Hafr Al Batin 8,4.2, Movie theater,SH Saudi Arabia,28.42239051,45.99175058,,,,23,
AMC - Hafr Al Batin 8,4.2, Movie theater,SH Saudi Arabia,28.42239051,45.99175058,,,,23,
Heritage Village,4.5, Tourist attraction,Shaqra Saudi Arabia,25.24581127,45.25474396,,,,260,
Heritage Village,4.5, Tourist attraction,Shaqra Saudi Arabia,25.24581127,45.25474396,,,,260,
Subaie heritage house,4.3, Tourist attraction,Shaqra Saudi Arabia,25.24581127,45.25474396,,,,192,
Subaie heritage house,4.3, Tourist attraction,Shaqra Saudi Arabia,25.24581127,45.25474396,,,,192,
AMC Cinemas Tabuk Boulevard,4.3, Movie theater,Tabuk Saudi Arabia,28.3967879,36.55626638,,,,55,
AMC Cinemas Tabuk Boulevard,4.3, Movie theater,Tabuk Saudi Arabia,28.3967879,36.55626638,,,,55,
Ú¤ÙˆÙƒØ³ Ø³ÙŠÙ†Ù…Ø§ ØªØ¨ÙˆÙƒ Ø¨Ø§Ø±Ùƒ,4, Movie theater,Tabuk Saudi Arabia Â· In Tabuk Park,28.3967879,36.55626638,,,,336,
Muvi Cinemas | Ù…ÙˆÚ¤ÙŠ Ø³ÙŠÙ†Ù…Ø§,4, Movie theater,Taif Saudi Arabia Â· In Taif City Walk,21.47436907,40.6450438,,,,1300,
ÙˆØ§Ø­Ø© Ù…ØµÙƒ ØªÙˆØ§Ø±Ù†,4.8, Tourist attraction,Tuwarin Saudi Arabia,27.65681772,41.44840116,,,,11,
ÙˆØ§Ø­Ø© Ù…ØµÙƒ ØªÙˆØ§Ø±Ù†,4.8, Tourist attraction,Tuwarin Saudi Arabia,27.65681772,41.44840116,,,,11,
Al Musawkaf Market,4.2, Tourist attraction,Unayzah Saudi Arabia,26.09089033,43.98417278,,,,4100,
faylaqia,5, Tourist attraction,Ushaiqer Saudi Arabia,25.34541484,45.1828179,,,,15,
faylaqia,5, Tourist attraction,Ushaiqer Saudi Arabia,25.34541484,45.1828179,,,,15,
Safety Orientation UGP,4.4, Movie theater,Uthmaniyah Saudi Arabia,25.19468134,49.30779781,,,,34,
Safety Orientation UGP,4.4, Movie theater,Uthmaniyah Saudi Arabia,25.19468134,49.30779781,,,,34,
